source_platform,content_category,count
reddit,claude_code_agentic,56
reddit,other,52
reddit,comparison_vs_chatgpt,30
reddit,tutorial_how_to,21
reddit,meme_humor,20
reddit,prompt_engineering,10
reddit,workflow_use_case,10
reddit,creator_demo,9
reddit,product_review,6
reddit,news_announcement,5
reddit,opinion_discussion,5
reddit,benchmark_claim,2
reddit,experience_story,2
reddit,safety_controversy,1
youtube,other,514
youtube,claude_code_agentic,461
youtube,comparison_vs_chatgpt,241
youtube,tutorial_how_to,165
youtube,benchmark_claim,70
youtube,news_announcement,58
youtube,meme_humor,46
youtube,product_review,37
youtube,creator_demo,19
youtube,workflow_use_case,19
youtube,tool_comparison,17
youtube,earn_money_business,12
youtube,opinion_discussion,9
youtube,prompt_engineering,7
youtube,experience_story,5
